#List - Depth of Reading below Surface - Latest @ 2022-02-02 11:30 (UTC-07:00),,,,,,
Data Set Id,Location,Location Folder,Start of Record,End of Record,Value,Status
Well Depth.well@17-60-29cbd,Larson No. 1,All Locations.Ground Water.Laramie County,1997-03-10 15:00:00,2004-03-09 15:00:00,41.408,-
Well Depth.well@19-61-10aab,LaGrange No.1,All Locations.Ground Water.Lagrange Area,1980-09-23 07:00:00,2018-11-28 14:00:00,41.63611,-
Well Depth.NorthWellvisits@20-61-15-ada2,Northwell,All Locations.Ground Water.Lagrange Area,1980-05-29 07:00:00,2014-11-05 16:18:00,41.70483,-
Well Depth.Well@40-116-29cbb,TC-15,All Locations.Ground Water.Teton County,1997-09-18 19:00:00,2004-11-16 19:00:00,43.40019,-
Well Depth.Well@41-117-22cca,TC-2,All Locations.Ground Water.Teton County,1997-09-18 19:00:00,2004-11-15 22:10:00,43.4975,-
Well Depth.Hunt1.csv Depth@Test,Test,All Locations.Ground Water.Test,1983-11-15 19:00:00,2013-10-15 06:00:00,0,-
Well Depth.Well8@Test,Test,All Locations.Ground Water.Test,,,0,-
Well Depth.Calculated DTW@25-68-15bbd,Platte County #6,All Locations.Ground Water.Platte County,2015-04-01 20:00:00,2017-05-03 20:00:00,42.14444,-
Well Depth.Well@32-72-33daa,Ridgewater No. 1,All Locations.Ground Water.Converse County,1991-05-14 23:00:00,1994-01-21 22:00:00,42.70028,-
Well Depth.Well@40-117-25bac,TC-10,All Locations.Ground Water.Teton County,,,43.40417,-
Well Depth.Well@49-72-04ada,South Campus No. 1,All Locations.Ground Water.Gillette Area,2002-05-22 18:00:00,2019-10-30 21:00:00,44.25639,-
Well Depth.Well7@Test,Test,All Locations.Ground Water.Test,1983-11-15 19:00:00,2011-05-11 15:00:00,0,-
Well Depth.well@20-61-35aab,South Field Well,All Locations.Ground Water.Lagrange Area,1980-04-30 07:00:00,2013-11-14 07:00:00,41.66628,-
Well Depth.Well@42-117-36bba,TCTC-4,All Locations.Ground Water.Teton County,1994-09-23 19:00:00,2004-11-17 00:10:00,43.5675,-
Well Depth.Well@53-60-16dba02,CCMOW-2A (Minnelusa),All Locations.Ground Water.Madison,1991-10-31 07:00:00,2015-11-18 22:00:00,44.58197,-
Well Depth.Well@54-61-28caa,Aladdin Water Dist. No. 1,All Locations.Ground Water.Madison,1995-09-06 19:00:00,2013-06-20 18:45:00,44.64105,-
Well Depth.well@14-66-23ddd,Laramie County No. 15,All Locations.Ground Water.Laramie County,1986-04-25 19:00:00,2001-10-01 19:00:00,41.16041,-
Well Depth.Well@18-83-17bcb,Anschutz-MPW,All Locations.Ground Water.Carbon County,1999-08-31 22:00:00,2004-08-06 19:00:00,41.57583,-
Well Depth.Well@30-061-09bbb,Prairie Center #5,All Locations.Ground Water.Prairie Center Control Area,1981-05-01 19:00:00,2014-12-01 19:00:00,42.59678,-
Well Depth.Well@36-62-28ab01,ETSI T-2 Madison,All Locations.Ground Water.Madison,2003-08-26 17:00:00,2017-06-05 20:56:21,43.07272,-
Well Depth.Well@41-117-12dca,TCTB-9,All Locations.Ground Water.Teton County,1994-10-20 19:00:00,2004-11-17 19:00:00,43.52667,-
Well Depth.Well@50-72-14cac,Heritage Village No. 1,All Locations.Ground Water.Gillette Area,1985-08-14 07:00:00,2013-11-07 17:30:00,44.31333,-
Well Depth.Well@50-72-28ddb,G-MON-5 (Jail),All Locations.Ground Water.Gillette Area,1994-10-13 19:00:00,2018-10-22 20:00:00,44.2775,-
Well Depth.Well@42-116-19aaa,TCTD-3,All Locations.Ground Water.Teton County,1995-08-04 22:00:00,2004-06-09 20:00:00,43.59583,-
Well Depth.Well@45-74-36dac,CBM-MON-6 (Murray),All Locations.Ground Water.Gillette Area,1998-12-15 23:00:00,2009-02-04 18:00:00,43.82861,-
Well Depth.Well@49-74-36ddc01,CBM-MON-1 (Saunders),All Locations.Ground Water.Gillette Area,1998-12-15 19:00:00,2015-09-03 09:00:00,44.171944,-
Well Depth.Well@49-74-36ddc03,CBM-MON-1G (Saunders),All Locations.Ground Water.Gillette Area,2001-11-28 22:00:00,2015-06-03 13:00:00,44.1725,-
Well Depth.Well@53-60-16dba01,CCMOW-2 (Madison),All Locations.Ground Water.Madison,1991-06-28 07:00:00,2015-11-18 22:00:00,44.58197,-
Well Depth.Well@53-65-18bbd,NPS Devils Tower,All Locations.Ground Water.Madison,2004-06-30 19:00:00,2013-06-20 20:20:00,44.58289,-
Well Depth.Depth Below Surface(ft)@09205000,"New Fork River near Big Piney, WY",All Locations.Division 4.District 07,2015-05-19 02:15:00,2020-10-09 23:00:00,42.56722,-
Well Depth.well@13-066-32bbd,Laramie County No. 14,All Locations.Ground Water.Laramie County,1986-04-01 19:00:00,2013-10-01 15:10:00,41.05667,-
Well Depth.well@14-61-18ddd,Laramie County No. 2,All Locations.Ground Water.Laramie County,1978-04-04 19:00:00,2021-11-03 11:00:00,41.17278,-
Well Depth.well@14-65-08bb,Laramie County No. 17,All Locations.Ground Water.Laramie County,2004-08-12 20:37:00,2021-11-04 10:00:00,41.20283,-
Well Depth.WellDepth@16-60-32 dc 01,Fornstrom Fox Hills,All Locations.Ground Water.Laramie County,2015-09-28 21:00:00,2016-09-06 21:00:00,41.30428,-
Well Depth.Well@16-61-10bdd,L.J. Anderson #3 Well,All Locations.Ground Water.Laramie County,1975-05-10 07:00:00,2004-03-09 07:00:00,41.36944,-
Well Depth.well@20-61-15daa,Pump House #1,All Locations.Ground Water.Lagrange Area,1980-05-29 07:00:00,2013-11-14 07:00:00,41.7012,-
Well Depth.Well@26-68-12cbd,Earl Rutherford,All Locations.Ground Water.Platte County,1980-09-17 19:00:00,2021-11-09 14:00:00,42.24528,-
Well Depth.Well@41-117-12cdb,TCTB-4,All Locations.Ground Water.Teton County,1994-09-23 19:00:00,2004-06-10 15:10:00,43.52639,-
Well Depth.Well@41-117-23cdd,TC-1,All Locations.Ground Water.Teton County,1997-09-18 19:00:00,2004-11-15 23:10:00,43.49556,-
Well Depth.Well@48-61-36caa02,Weston County #1A,All Locations.Ground Water.Madison,1994-10-11 18:00:00,2016-06-14 19:00:00,44.13156,-
Well Depth.Well@49-72-13bab,Crestview No. 1,All Locations.Ground Water.Gillette Area,1985-10-16 19:00:00,2013-11-05 19:00:00,44.23222,-
Well Depth.Well@50-63-11cda,CCMOW-7 (Madison),All Locations.Ground Water.Madison,1994-10-11 23:00:00,2016-06-14 22:00:00,44.32869,-
Well Depth.Well@50-66-32aaa,Moorcroft No. 1,All Locations.Ground Water.Madison,2002-04-03 20:10:00,2010-10-27 22:00:00,44.28122,-
Well Depth.Well@51-63-4ada,VISTA WEST NO. 2,All Locations.Ground Water.Madison,1996-06-14 04:00:00,2019-05-23 19:00:00,44.43783,-
Well Depth.well@14-067-27bac,Laramie County No. 13,All Locations.Ground Water.Laramie County,1986-04-01 19:00:00,2013-10-02 17:25:00,41.15833,-
Well Depth.well@17-60-29dca,Trail Ridge No. 4,All Locations.Ground Water.Laramie County,1997-03-10 07:00:00,2004-03-09 07:00:00,41.407,-
Well Depth.Well@41-117-11add,TCTB-6,All Locations.Ground Water.Teton County,1994-10-20 19:00:00,2004-11-17 17:10:00,43.53056,-
Well Depth.Well@41-117-26cad,TC-3,All Locations.Ground Water.Teton County,1997-09-18 19:00:00,2004-11-16 01:10:00,43.48444,-
Well Depth.Well@50-72-25aad,Sullivan No. 3,All Locations.Ground Water.Gillette Area,1985-08-14 07:00:00,2013-11-07 19:00:00,44.28917,-
Well Depth.well@14-067-36acb,Pioneer Park,All Locations.Ground Water.Laramie County,1989-08-11 19:00:00,2014-10-21 16:00:00,41.14083,-
Well Depth.well@17-58-31dcc,Ponderosa/NE TA19,All Locations.Ground Water.Nebraska,1996-12-17 07:00:00,2010-10-06 07:00:00,41.39624,-
Well Depth.well@17-60-30dad,Larson #2,All Locations.Ground Water.Laramie County,1997-03-10 15:00:00,2004-03-09 15:00:00,41.408,-
Well Depth.Historical.Calculated@19-61-10aab,LaGrange No.1,All Locations.Ground Water.Lagrange Area,2014-11-05 21:00:00,2015-10-28 19:00:00,41.63611,-
Well Depth.well@20-61-15-ada2,Northwell,All Locations.Ground Water.Lagrange Area,1980-05-29 07:00:00,2013-11-14 07:00:00,41.70483,-
Well Depth.Historical.Calculated DTW@25-68-15bbd,Platte County #6,All Locations.Ground Water.Platte County,2015-04-01 20:00:00,2017-05-03 20:00:00,42.14444,-
Well Depth.Well@27-69-25abc,Cottonwood Creek #1,All Locations.Ground Water.Platte County,1981-12-10 19:00:00,2021-05-05 12:00:00,42.28167,-
Well Depth.Well@32-062-32bbb,Node well,All Locations.Ground Water.Prairie Center Control Area,1970-10-02 19:00:00,2016-06-13 23:08:00,42.71239,-
Well Depth.Well@40-117-14cdc,TC-9,All Locations.Ground Water.Teton County,1997-09-18 19:00:00,2004-11-16 16:00:00,43.42167,-
Well Depth.Well@41-117-12ccb,TCTB-5,All Locations.Ground Water.Teton County,1994-09-23 19:00:00,2004-11-16 14:10:00,43.52639,-
Well Depth.Well@46-72-36aab,WCH-3A,All Locations.Ground Water.Gillette Area,1988-07-08 07:00:00,2000-09-11 07:13:00,43.92667,-
Well Depth.Well@48-73-36bca03,CBM-MON-3G (Tripp),All Locations.Ground Water.Gillette Area,2001-11-29 19:00:00,2009-11-11 16:00:00,44.09603,-
Well Depth.Well@49-62-36cbc01,CCMOW-6 (Madison),All Locations.Ground Water.Madison,1995-04-11 21:00:00,2016-06-14 19:00:00,44.18689,-
Well Depth.Well@50-72-14dbd,H.V. Anderson No. 3,All Locations.Ground Water.Gillette Area,,,44.31,-
Well Depth.Well@50-72-24bcc,G-MON-2 (Warlow),All Locations.Ground Water.Gillette Area,1994-11-05 18:00:00,2018-10-22 21:00:00,44.29917,-
Well Depth.Well@52-73-36ada02,RCH-2A,All Locations.Ground Water.Gillette Area,1988-07-08 07:00:00,2006-03-28 15:26:00,44.44528,-
Well Depth.Well@57-65-15dac,U.S.G.S. M-1,All Locations.Ground Water.Madison,1982-06-07 19:00:00,2013-06-19 21:35:00,44.92894,-
Well Depth.well@17-60-34cac,Marvin Anderson #2,All Locations.Ground Water.Laramie County,1997-03-11 15:00:00,2004-03-11 15:00:00,41.393,-
Well Depth.well@17-62-17cc,Laramie Co. 6-B,All Locations.Ground Water.Laramie County,2006-08-03 07:00:00,2016-06-01 15:00:00,41.43625,-
Well Depth.Well@25-68-01cda,Richard Johnson No.2 Well,All Locations.Ground Water.Platte County,1979-04-19 07:00:00,2004-03-11 19:00:00,42.16556,-
Well Depth.Well@26-68-26dcc,Shepard No. 3 Well,All Locations.Ground Water.Platte County,1979-04-18 07:00:00,2004-03-11 19:00:00,42.20861,-
Well Depth.Well@37-70-10cbb,Bill #6,All Locations.Ground Water.Gillette Area,1986-05-20 19:00:00,2017-11-06 15:00:00,43.193056,-
Well Depth.Well@41-117-23cac,TCTA-2,All Locations.Ground Water.Teton County,1994-10-20 19:00:00,2004-11-15 16:10:00,43.49833,-
Well Depth.Well@42-116-20bab,TCTD-2,All Locations.Ground Water.Teton County,1994-10-20 19:00:00,2004-11-16 21:10:00,43.59611,-
Well Depth.Well@43-72-11aaa,CBM-MON-7W (Stuart),All Locations.Ground Water.Gillette Area,2000-09-28 20:00:00,2016-06-10 00:00:00,43.26667,-
Well Depth.Well@46-66-25dbb,Terra Resources,All Locations.Ground Water.Madison,2004-06-29 19:00:00,2013-06-18 18:30:00,43.93611,-
Well Depth.Well@51-62-2dcb,CCMOW-3,All Locations.Ground Water.Madison,1991-11-01 23:00:00,2012-10-04 21:00:00,44.43333,-
Well Depth.Well@51-72-17cca,Prospector Village No. 1,All Locations.Ground Water.Gillette Area,1985-09-24 07:00:00,2013-11-05 19:00:00,44.39417,-
Well Depth.well12@Test,Test,All Locations.Ground Water.Test,,,0,-
Well Depth.well@16-61-01cca,Ada Lerwick No. 1 Well,All Locations.Ground Water.Laramie County,1971-05-10 07:00:00,2004-03-09 07:00:00,41.59167,-
Well Depth.well@20-60-30bbb,LaGrange No. 2,All Locations.Ground Water.Lagrange Area,1980-09-24 07:00:00,2021-11-22 09:00:00,41.68028,-
Well Depth.well@20-61-25dcc,North Field Well,All Locations.Ground Water.Lagrange Area,1980-04-30 07:00:00,2013-11-14 07:00:00,41.66671,-
Well Depth.Well@25-68-12dda,Platte County #4,All Locations.Ground Water.Platte County,1980-09-17 19:00:00,2021-05-05 11:00:00,42.14972,-
Well Depth.Well@26-68-26acd,Juschka No. 1 Well,All Locations.Ground Water.Platte County,1979-04-18 07:00:00,2004-03-11 19:00:00,42.19861,-
Well Depth.Well@42-116-21bba,TCTD-7,All Locations.Ground Water.Teton County,1996-12-04 19:00:00,2004-06-09 21:10:00,43.59639,-
Well Depth.Well@52-73-25bcb,Pine Buttes No. 1,All Locations.Ground Water.Gillette Area,1995-04-27 22:00:00,2017-03-22 23:00:00,44.460833,-
Well Depth.Well21@Test,Test,All Locations.Ground Water.Test,1983-11-15 19:00:00,2011-05-13 06:00:00,0,-
Well Depth.Depth to Water@15-66-10bab,Laramie Co. No. 7,All Locations.Ground Water.Laramie County,1977-12-16 19:00:00,2021-11-03 15:00:00,41.29028,-
Well Depth.well@17-62-17ccc,Laramie County 6A,All Locations.Ground Water.Laramie County,1982-09-02 19:00:00,2006-06-09 19:00:00,41.43472,-
Well Depth.well@20-61-14ccb,StockTank,All Locations.Ground Water.Lagrange Area,1980-05-29 07:00:00,2013-11-14 07:00:00,41.6975,-
Well Depth.well@20-61-24cdd,F. Sanders,All Locations.Ground Water.Lagrange Area,1977-08-04 07:00:00,2013-11-14 07:00:00,41.68081,-
Well Depth.Well@26-68-36cbc,Joe P Johnson No. 1 Stk,All Locations.Ground Water.Platte County,1992-04-07 07:00:00,2004-03-11 19:00:00,42.18167,-
Well Depth.Well@36-062-28ab02,ETSI 0-2 LAKOTA,All Locations.Ground Water.Madison,,,43.07278,-
Well Depth.Well@40-117-3dcc,TC-7,All Locations.Ground Water.Teton County,1997-09-19 01:00:00,2004-11-16 02:00:00,43.45167,-
Well Depth.Well@41-117-26ccd,TC-5,All Locations.Ground Water.Teton County,1997-09-19 00:00:00,2004-11-16 02:10:00,43.48111,-
Well Depth.Well@49-73-26abc,G-MON-8 (Bell Road),All Locations.Ground Water.Gillette Area,1994-11-05 00:00:00,2019-05-22 22:00:00,44.19833,-
Well Depth.Well@50-72-11cba,G-MON-7 (Maki),All Locations.Ground Water.Gillette Area,1994-11-05 01:00:00,2003-12-16 07:17:00,44.32639,-
Well Depth.Well@52-73-36ada03,RCH-2B,All Locations.Ground Water.Gillette Area,1988-07-08 07:00:00,2013-11-06 17:20:00,44.44528,-
Well Depth.well@14-066-28adb,Cheyenne Ogallala,All Locations.Ground Water.Laramie County,1998-10-08 19:00:00,2004-04-27 19:00:00,41.10444,-
Well Depth.well@14-067-12abb,Laramie County No. 10,All Locations.Ground Water.Laramie County,1984-08-02 19:00:00,2021-11-04 08:00:00,41.20361,-
Well Depth.well@17-60-19caa,Peterson Irr #2,All Locations.Ground Water.Laramie County,1997-03-10 15:00:00,2004-03-09 15:00:00,41.425175,-
Well Depth.well@17-62-19ac,Deselms #4,All Locations.Ground Water.Laramie County,2002-05-03 15:00:00,2004-03-11 15:00:00,41.428,-
Well Depth.Historical.Calculated DTW@25-067-19dda,Ed Wilhelm,All Locations.Ground Water.Platte County,2015-04-01 18:00:00,2016-12-20 20:00:00,42.12167,-
Well Depth.Well@41-117-35dcb,TC-12,All Locations.Ground Water.Teton County,1997-09-19 03:00:00,2004-11-16 18:10:00,43.46778,-
Well Depth.Well@47-73-16cba02,CBM-MON-4W (Davis),All Locations.Ground Water.Gillette Area,1998-12-13 20:00:00,2017-03-23 22:00:00,44.04811,-
Well Depth.Well@47-73-16cba03,CBM-MON-4G (Davis),All Locations.Ground Water.Gillette Area,2001-11-29 18:00:00,2016-06-06 21:00:00,44.04997,-
Well Depth.Well@49-73-03cbd01,CBM-MON-2 (Bennor),All Locations.Ground Water.Gillette Area,1998-12-16 16:00:00,2016-06-09 18:00:00,44.24978,-
Well Depth.Well@51-72-20abd,Rawhide Village No. 2,All Locations.Ground Water.Gillette Area,1994-03-23 00:00:00,2016-06-08 14:00:00,44.38917,-
Well Depth.Well4@Test,Test,All Locations.Ground Water.Test,1983-11-15 19:00:00,2007-12-30 09:00:00,0,-
Well Depth.SW Albin.csv depth below LSD@16-60-7bbb2,USGS SW Albin,All Locations.Ground Water.Laramie County,1983-05-06 07:00:00,2021-11-03 14:00:00,41.37417,-
Well Depth.well@17-60-33bcc,Malm 33-2,All Locations.Ground Water.Laramie County,1998-03-27 15:00:00,2004-03-11 15:00:00,41.397,-
Well Depth.Well@24-67-23 NWNW,Code #29,All Locations.Ground Water.Platte County,,,42.04472,-
Well Depth.Well@41-117-24cca,TC-11,All Locations.Ground Water.Teton County,1997-09-19 03:00:00,2004-11-16 17:00:00,43.49722,-
Well Depth.Well@45-74-36dac02,CBM-MON-6G (Murray),All Locations.Ground Water.Gillette Area,2001-11-29 17:00:00,2015-06-04 18:00:00,43.82861,-
Well Depth.Well@Test,Test,All Locations.Ground Water.Test,1983-11-15 19:00:00,1984-06-20 19:00:00,0,-
Well Depth.Well9@Test,Test,All Locations.Ground Water.Test,1983-11-15 19:00:00,2011-05-14 18:00:00,0,-
Well Depth.well@16-61-10dbd,L.J. Andrson #2 Well,All Locations.Ground Water.Laramie County,1990-05-01 07:00:00,2004-03-09 07:00:00,41.36389,-
Well Depth.Well@24-68-10aaa,Platte County #7B,All Locations.Ground Water.Platte County,1991-03-26 02:00:00,2018-05-03 16:00:00,42.07306,-
Well Depth.Well@25-67-34ccd,Platte County #2,All Locations.Ground Water.Platte County,1980-09-16 19:00:00,2015-06-02 18:00:00,42.09,-
Well Depth.Well@49-73-03cbd02,CBM-MON-2W (Bennor),All Locations.Ground Water.Gillette Area,1999-02-18 18:00:00,2017-03-23 15:00:00,44.24942,-
Well Depth.Well@50-73-28cac,Jim Kintz Well,All Locations.Ground Water.Gillette Area,1993-04-27 18:00:00,2013-11-07 17:15:00,44.27889,-
Well Depth.Well@53-61-32ddd02,CCMOW-5 (Madison),All Locations.Ground Water.Madison,1991-11-01 19:00:00,2019-10-30 23:00:00,44.53247,-
Well Depth.well6@Test,Test,All Locations.Ground Water.Test,1983-11-15 19:00:00,2011-04-11 10:00:00,0,-
Well Depth.well@14-68-35ddc,King #3,All Locations.Ground Water.Laramie County,1969-08-07 07:00:00,2004-04-07 07:00:00,41.1325,-
Well Depth.well@17-60-28ccc01,Holgerson No. 1,All Locations.Ground Water.Laramie County,1997-03-10 15:00:00,2004-03-11 15:00:00,41.404,-
Well Depth.well@20-60-11cdd2,66Mountain well,All Locations.Ground Water.Lagrange Area,1980-05-29 07:00:00,2013-11-14 07:00:00,41.71005,-
Well Depth.Well@24-67-21aab,Ed Preuit,All Locations.Ground Water.Platte County,1979-06-28 19:00:00,2019-05-31 16:00:00,42.04361,-
Well Depth.Well@24-68-22aab,Platte County #1A,All Locations.Ground Water.Platte County,1988-04-28 19:00:00,2020-11-05 15:00:00,42.04611,-
Well Depth.Well@25-68-02dac,Alice Duncan Jones #2,All Locations.Ground Water.Platte County,1979-04-18 07:00:00,2004-03-11 19:00:00,42.16722,-
Well Depth.Well@26-68-23cac,Shepard No. 2 Well,All Locations.Ground Water.Platte County,1979-04-18 07:00:00,2004-03-11 19:00:00,42.21028,-
Well Depth.Well@28-87-16cca01,Split Rock #2,All Locations.Ground Water.Carbon County,1981-10-26 19:00:00,2013-11-25 20:41:00,42.39389,-
Well Depth.Well@29-061-23abb,Goshen County No. 1,All Locations.Ground Water.Prairie Center Control Area,1979-05-03 19:00:00,2014-12-01 18:00:00,42.480204,-
Well Depth.Well@41-117-23adc,TCTA-7,All Locations.Ground Water.Teton County,1994-09-23 19:00:00,2004-11-16 15:10:00,43.50278,-
Well Depth.Calculated DTW@24-68-32ddc,Platte County #9,All Locations.Ground Water.Platte County,2015-04-01 22:00:00,2016-12-20 16:00:00,42.0025,-
Well Depth.Calculated DTW@25-067-19dda,Ed Wilhelm,All Locations.Ground Water.Platte County,2015-04-01 18:00:00,2016-12-20 20:00:00,42.12167,-
Well Depth.well@14-66-34acb,Fire Station No. 3,All Locations.Ground Water.Laramie County,1999-04-19 22:00:00,2015-06-11 04:00:00,41.14167,-
Well Depth.well@16-63-15aaa,Laramie County #3,All Locations.Ground Water.Laramie County,1978-05-25 19:00:00,2013-10-01 21:05:00,41.18722,-
Well Depth.well@20-61-10ddd,Windmill Well,All Locations.Ground Water.Lagrange Area,1980-05-29 07:00:00,2007-05-02 07:00:00,41.70968,-
Well Depth.Well@40-117-10cab,TC-8,All Locations.Ground Water.Teton County,1997-09-18 19:00:00,2004-06-08 20:00:00,43.44278,-
Well Depth.Well@41-117-12dda,TCTB-1,All Locations.Ground Water.Teton County,1994-09-23 19:00:00,2004-11-17 17:10:00,43.52667,-
Well Depth.Well@42-116-31cbb,TCTC-3,All Locations.Ground Water.Teton County,1994-09-23 19:00:00,2003-11-20 19:00:00,43.56,-
Well Depth.Well@46-74-12ccc03,CBM-MON-5G (Barrett),All Locations.Ground Water.Gillette Area,2001-11-29 17:00:00,2016-06-09 02:00:00,43.97111,-
Well Depth.Well@50-62-16ccb,CCMOW-8,All Locations.Ground Water.Madison,1994-09-01 07:00:00,2016-06-14 20:00:00,44.31647,-
Well Depth.well@16-61-02dcc,Claytor No. 1 Well,All Locations.Ground Water.Laramie County,1990-03-28 19:00:00,2004-03-09 15:00:00,41.37556,-
Well Depth.Well@29-61-26cbb01,Prairie Center #3,All Locations.Ground Water.Prairie Center Control Area,2003-06-09 19:16:00,2014-12-01 18:00:00,42.458547,-
Well Depth.Well@41-117-23cbc,TCTA-3,All Locations.Ground Water.Teton County,1994-10-20 19:00:00,2004-11-15 16:10:00,43.49833,-
Well Depth.Well@42-116-20aab,TCTD-1,All Locations.Ground Water.Teton County,1994-09-23 19:00:00,2004-11-16 22:10:00,43.59611,-
Well Depth.Well@42-116-29dbc,TCTC-7,All Locations.Ground Water.Teton County,1996-09-05 18:00:00,2004-06-09 19:10:00,43.57083,-
Well Depth.Well@50-072-21aba0,Gillette H-13,All Locations.Ground Water.Gillette Area,1983-06-12 19:00:00,2006-12-12 18:11:00,44.30528,-
Well Depth.Depth Below Surface(ft)@09209400,"Green River near La Barge, WY",All Locations.Division 4.District 05,2015-05-18 20:15:00,2020-07-29 18:00:00,42.192489,-
Well Depth.well@16-60-3bac,Section 3-1,All Locations.Ground Water.Laramie County,1997-03-10 15:00:00,2004-03-11 15:00:00,41.389,-
Well Depth.well@16-61-03dc,Lundberg No. 1,All Locations.Ground Water.Laramie County,2003-12-04 18:00:00,2004-03-09 16:00:00,41.378,-
Well Depth.well@17-60-29caa,Town of Albin #4,All Locations.Ground Water.Laramie County,1997-03-10 15:00:00,2004-03-09 15:00:00,41.411,-
Well Depth.well@20-61-23bbc2,NW of Rain Station,All Locations.Ground Water.Lagrange Area,1980-05-29 07:00:00,2013-11-14 07:00:00,41.62918,-
Well Depth.Well@25-68-15bbd,Platte County #6,All Locations.Ground Water.Platte County,1980-09-18 19:00:00,2021-11-08 13:00:00,42.14444,-
Well Depth.Well@32-62-5baa01,Niobrara Co. No. 1,All Locations.Ground Water.Prairie Center Control Area,1979-06-01 19:00:00,2016-06-13 22:00:00,42.78558,-
Well Depth.Well@50-72-25acb,CAMPLEX #1,All Locations.Ground Water.Gillette Area,1993-06-19 21:00:00,2017-11-09 05:00:00,44.285556,-
Well Depth.Well@52-63-25dcd,Cole3A,All Locations.Ground Water.Madison,2004-06-30 19:00:00,2007-11-27 08:28:00,44.46083,-
Well Depth.Well@52-73-36ada01,RCH-2,All Locations.Ground Water.Gillette Area,1988-07-08 07:00:00,1997-07-08 07:00:00,44.44528,-
Well Depth.Well10@Test,Test,All Locations.Ground Water.Test,1983-11-15 19:00:00,2011-05-15 06:00:00,0,-
Well Depth.Depth to Water@16-61-26 CD-03,Scheel WSW No. 1 White River,All Locations.Ground Water.Laramie County,2016-10-03 22:33:00,2016-10-17 19:06:00,41.31722,-
Well Depth.well@17-60-34daa,Section 3-1 (relocated),All Locations.Ground Water.Laramie County,1996-12-17 15:00:00,2004-03-11 15:00:00,41.396,-
Well Depth.well@20-61-15ada,Southwell,All Locations.Ground Water.Lagrange Area,1985-02-12 07:00:00,2013-11-14 07:00:00,41.70483,-
Well Depth.Well@28-61-aba01,Goshen County #2,All Locations.Ground Water.Prairie Center Control Area,1979-05-03 19:00:00,2015-11-16 19:00:00,42.43648,-
Well Depth.Well@41-116-7ccb,TCTB-12,All Locations.Ground Water.Teton County,1996-12-03 19:00:00,2004-06-09 17:10:00,43.52639,-
Well Depth.Well@42-116-32cbc,TCTC-1,All Locations.Ground Water.Teton County,1994-09-23 19:00:00,2004-11-16 23:10:00,43.55778,-
Well Depth.Well@50-72-16bbb,G-MON-1 (Sports Bar),All Locations.Ground Water.Gillette Area,1994-10-13 21:00:00,2017-11-06 20:00:00,44.31972,-
Well Depth.well@12-60-07ddd,Laramie County No. 1,All Locations.Ground Water.Laramie County,1978-04-06 19:00:00,2017-11-16 16:00:00,41.01638889,-
Well Depth.well@17-61-26aac,Peterson Irr. No. 3 Well,All Locations.Ground Water.Laramie County,1990-03-28 07:00:00,2004-03-09 21:00:00,41.41556,-
Well Depth.Well@18-83-21daa,Ravenscroft #2,All Locations.Ground Water.Carbon County,1999-05-04 19:00:00,2004-08-06 21:00:00,41.51639,-
Well Depth.Well@28-61-02ccd01,Prairie Center #6,All Locations.Ground Water.Prairie Center Control Area,1986-04-11 07:00:00,2016-06-13 19:00:00,42.423818,-
Well Depth.Well@40-117-13ccc,TC-14,All Locations.Ground Water.Teton County,1997-09-19 05:00:00,2004-11-16 19:10:00,43.4,-
Well Depth.Well@41-117-14add,TCTB-11,All Locations.Ground Water.Teton County,1994-10-20 19:00:00,2004-11-16 14:10:00,43.51611,-
Well Depth.Well@41-117-35ccd,TC-6,All Locations.Ground Water.Teton County,1997-09-19 02:00:00,2004-11-16 02:10:00,43.46639,-
Well Depth.well@14-66-02dc,Laramie County No. 16,All Locations.Ground Water.Laramie County,2004-08-10 23:01:00,2021-11-04 09:00:00,41.203667,-
Well Depth.well@16-61-09bdb,Anderson No. 1 Well,All Locations.Ground Water.Laramie County,1990-04-04 07:00:00,2004-03-09 07:00:00,41.37056,-
Well Depth.Well@26-68-36bbb,Platte County #5,All Locations.Ground Water.Platte County,1981-04-21 19:00:00,2021-11-08 12:00:00,42.20778,-
Well Depth.Well@29-061-17aad,Prairie Center #4,All Locations.Ground Water.Prairie Center Control Area,1980-09-20 07:00:00,2016-06-13 20:00:00,42.49217,-
Well Depth.Well@40-117-3cca,TC-13,All Locations.Ground Water.Teton County,1997-09-19 04:00:00,2004-11-16 17:00:00,43.45083,-
Well Depth.Well@41-117-22dbd,TCTA-4,All Locations.Ground Water.Teton County,1994-09-23 19:00:00,2004-06-10 15:00:00,43.49944,-
Well Depth.Level Depth to Water (ft)@13-65-10 ab 01,Shatto Fox Hills,All Locations.Ground Water.Laramie County,2015-01-09 22:00:00,2016-09-27 20:00:00,41.11411,-
Well Depth.well@14-064-19bcc,Laramie County No. 9,All Locations.Ground Water.Laramie County,1977-06-07 19:00:00,2013-10-02 23:48:00,41.16806,-
Well Depth.well@16-61-03bdd,Lundberg #2,All Locations.Ground Water.Laramie County,1990-04-04 15:00:00,2004-03-09 15:00:00,41.383,-
Well Depth.well@17-60-28ccc02,Holgerson No. 5,All Locations.Ground Water.Laramie County,1997-03-10 07:00:00,2004-03-11 07:00:00,41.407,-
Well Depth.Well@17-67-33baa,MX NORTH b-1,All Locations.Ground Water.Laramie County,1984-09-26 19:00:00,2016-09-07 21:00:00,41.4,-
Well Depth.Well@32-73-16cbd,Natural Bridge,All Locations.Ground Water.Gillette Area,1986-11-06 19:00:00,2017-11-06 14:00:00,42.738889,-
Well Depth.Well@48-73-36bca02,CBM-MON-3W (Tripp),All Locations.Ground Water.Gillette Area,1998-12-13 07:11:00,2016-06-06 23:00:00,44.09603,-
Well Depth.Well@49-72-11abc,Winland Park No. 1,All Locations.Ground Water.Gillette Area,1985-08-13 07:00:00,2007-04-05 22:16:00,44.24361,-
Well Depth.Well@50-72-21dda,G-MON-4 (Old Fair Ground),All Locations.Ground Water.Gillette Area,1994-10-13 20:00:00,2019-05-22 20:00:00,44.29333,-
Well Depth.well@12-062-13baa,USGS SE Carpenter,All Locations.Ground Water.Laramie County,1975-09-22 07:00:00,2021-11-03 08:00:00,41.01667,-
Well Depth.well@14-067-18ddc,Bell #14,All Locations.Ground Water.Laramie County,1962-10-24 19:00:00,2004-02-13 19:00:00,41.17611,-
Well Depth.Historical.Calculated DTW@24-68-32ddc,Platte County #9,All Locations.Ground Water.Platte County,2015-04-01 22:00:00,2016-12-20 16:00:00,42.0025,-
Well Depth.Well@26-68-35dac,"Joe Johnson,Jr No. 1 Well",All Locations.Ground Water.Platte County,1979-04-18 07:00:00,2004-03-11 19:00:00,42.18194,-
Well Depth.Well@32-63-08daa01,Niobrara Co. No.2,All Locations.Ground Water.Prairie Center Control Area,2000-09-19 02:00:00,2016-06-13 23:00:00,42.7618,-
Well Depth.Well11@Test,Test,All Locations.Ground Water.Test,1983-11-15 19:00:00,2011-05-15 11:00:00,0,-
Well Depth.well@12-63-15aa,USGS SW Carpenter,All Locations.Ground Water.Laramie County,1973-07-01 07:00:00,2021-11-03 09:00:00,41.016389,-
Well Depth.Well@48-73-36bca01,CBM-MON-3C (Tripp),All Locations.Ground Water.Gillette Area,1998-12-16 01:00:00,2013-11-05 22:00:00,44.09603,-
Well Depth.well@15-68-27ccc,MX West B7,All Locations.Ground Water.Laramie County,1984-09-26 19:00:00,2016-05-19 21:00:00,41.23319,-
Well Depth.Aquifer Test@16-60-32 dc 01,Fornstrom Fox Hills,All Locations.Ground Water.Laramie County,2015-09-15 20:45:00,2015-09-28 20:38:00,41.30428,-
Well Depth.USGS S Albin.csv depth below LSD@17-060-33cbb,USGS South Albin,All Locations.Ground Water.Laramie County,1975-05-30 07:00:00,2016-09-06 19:00:00,41.39528,-
Well Depth.Well@25-067-19dda,Ed Wilhelm,All Locations.Ground Water.Platte County,1979-06-13 19:00:00,2021-11-08 11:00:00,42.12167,-
Well Depth.Well@42-116-20dcc,TCTD-5,All Locations.Ground Water.Teton County,1994-10-20 19:00:00,2004-11-17 01:00:00,43.58167,-
Well Depth.Well@42-117-25ddd,TCTC-6,All Locations.Ground Water.Teton County,1994-09-23 19:00:00,2003-06-25 19:00:00,43.56722,-
Well Depth.Well@43-95-18cba,GTW-1,All Locations.Ground Water.Hot Springs County,1983-05-10 19:00:00,2007-11-27 20:00:00,43.69333,-
Well Depth.well@15-67-36cd,WYDOT Horse Creek #1,All Locations.Ground Water.Laramie County,2000-05-11 19:00:00,2013-10-02 16:20:00,41.22064,-
Well Depth.well@16-61-01cdd,Ada Lerwick No. 2 Well,All Locations.Ground Water.Laramie County,1990-05-01 07:00:00,2004-03-09 07:00:00,41.37639,-
Well Depth.well@17-61-35dbd,Gerald No. 2 Well,All Locations.Ground Water.Laramie County,1992-04-06 07:00:00,2004-03-09 07:00:00,41.393325,-
Well Depth.Well@41-117-13aba,TCTB-2,All Locations.Ground Water.Teton County,1994-09-23 19:00:00,2004-11-17 16:10:00,43.52167,-
Well Depth.Well@41-117-13baa,TCTB-10,All Locations.Ground Water.Teton County,1994-10-20 19:00:00,2004-06-10 14:10:00,43.5225,-
Well Depth.Well@43-95-25cdc,GTW-3,All Locations.Ground Water.Hot Springs County,1983-06-22 19:00:00,2013-07-18 14:00:00,43.65917,-
Well Depth.Well@49-71-17bbc,Sleepy Hollow No. 3,All Locations.Ground Water.Gillette Area,1985-08-15 07:00:00,2013-11-05 19:00:00,44.231389,-
Well Depth.Well@50-71-31aba,Fox Park No. 1,All Locations.Ground Water.Gillette Area,1985-08-14 07:00:00,2013-11-05 19:00:00,44.27611,-
Well Depth.well@16-61-11aac,Dennis No. 1 Well,All Locations.Ground Water.Laramie County,1990-05-01 19:00:00,2004-03-09 15:00:00,41.37111,-
Well Depth.well@17-60-33acc,Malm Sec. 33-3,All Locations.Ground Water.Laramie County,1997-03-10 15:00:00,2004-03-11 15:00:00,41.397,-
Well Depth.well@17-62-19da,Deselms #8,All Locations.Ground Water.Laramie County,2002-05-03 07:00:00,2004-03-11 07:00:00,41.423,-
Well Depth.well@20-61-25cbc2,Pump House #2,All Locations.Ground Water.Lagrange Area,1980-04-30 07:00:00,2013-11-14 07:00:00,41.67131,-
Well Depth.Well@27-69-25dad,Cottonwood Creek No. 3,All Locations.Ground Water.Platte County,1988-03-10 20:00:00,2013-10-09 21:39:00,42.28167,-
Well Depth.Well@41-117-11acd,TCTB-7(ASP1),All Locations.Ground Water.Teton County,1995-01-26 01:00:00,2003-11-19 19:00:00,43.53139,-
Well Depth.Well@41-117-13acc,TCTB-3,All Locations.Ground Water.Teton County,1994-09-23 19:00:00,2004-06-10 15:10:00,43.51806,-
Well Depth.Well@41-117-22dbc,TCTA-5,All Locations.Ground Water.Teton County,1994-10-20 19:00:00,2004-11-15 18:10:00,43.49806,-
Well Depth.Well@50-72-32dbb,Westridge/Wenger No.2,All Locations.Ground Water.Gillette Area,1985-09-24 07:00:00,2008-07-10 18:00:00,44.26833,-
Well Depth.Well@51-72-17ccb,Prospector Village No. 2,All Locations.Ground Water.Gillette Area,1985-10-17 07:00:00,2013-11-05 19:00:00,44.395,-
Well Depth.Well3@Test,Test,All Locations.Ground Water.Test,1983-11-15 19:00:00,1984-01-04 19:00:00,0,-
Well Depth.well@13-64-16cc,Laramie County No. 18,All Locations.Ground Water.Laramie County,2004-08-13 17:46:00,2015-06-18 17:00:00,41.087,-
Well Depth.Aquifer Test@16-61-26 CD-02,Scheel WSW No. 1 Fox Hills,All Locations.Ground Water.Laramie County,2016-10-07 20:29:00,2016-10-17 19:17:00,41.31722,-
Well Depth.Well@18-83-21abd,Dot No. 2,All Locations.Ground Water.Carbon County,1999-05-04 19:00:00,2004-08-06 22:00:00,41.52194,-
Well Depth.well@20-61-32dbc,J. Ward,All Locations.Ground Water.Lagrange Area,1978-06-05 07:00:00,2013-11-14 07:00:00,41.65653,-
Well Depth.Well@26-68-23dcd,Juschka No. 2 Well,All Locations.Ground Water.Platte County,1980-04-09 07:00:00,2004-03-11 19:00:00,42.20583,-
Well Depth.Well@26-68-31aaa,Platte County #7,All Locations.Ground Water.Platte County,1979-12-18 19:00:00,2021-11-08 10:00:00,42.10361,-
Well Depth.Well@41-117-27cbc,TC-4,All Locations.Ground Water.Teton County,1997-09-18 19:00:00,2004-11-15 21:10:00,43.48389,-
Well Depth.Well@48-65-35ccb,Upton #4,All Locations.Ground Water.Madison,2004-06-29 19:00:00,2013-06-18 19:30:00,44.09625,-
Well Depth.Well@49-72-13caa,Antelope Valley No.3,All Locations.Ground Water.Gillette Area,1985-08-15 19:00:00,2012-02-20 17:48:00,44.22167,-
Well Depth.Well@56-067-28aab,Cole 41A  Minnelusa,All Locations.Ground Water.Madison,1983-06-08 19:00:00,2016-06-15 20:00:00,44.81511,-
Well Depth.well@14-067-34bbc,Laramie County No. 11,All Locations.Ground Water.Laramie County,1986-04-01 19:00:00,2016-09-07 16:00:00,41.14389,-
Well Depth.well@14-66-08cbc,Rowley #1,All Locations.Ground Water.Laramie County,2003-04-22 19:00:00,2013-10-02 20:30:00,41.19649,-
Well Depth.Datalogged@16-61-26 CD-02,Scheel WSW No. 1 Fox Hills,All Locations.Ground Water.Laramie County,2016-10-07 20:29:00,2016-10-07 20:29:00,41.31722,-
Well Depth.well@17-60-35,Malm PR-Wyo 1,All Locations.Ground Water.Laramie County,1998-02-23 15:00:00,2004-03-11 15:00:00,41.396,-
Well Depth.Well@28-62-18cac,SandStone #1,All Locations.Ground Water.Madison,1995-06-15 22:00:00,2017-06-05 15:00:00,42.39736,-
Well Depth.Well@41-117-26bcc,TCTE-1,All Locations.Ground Water.Teton County,1995-08-04 16:00:00,2004-11-15 20:10:00,43.48722,-
Well Depth.Well@42-116-31bdd,TCTC-2,All Locations.Ground Water.Teton County,1994-09-23 19:00:00,2004-06-09 21:10:00,43.56,-
Well Depth.Well@46-74-12ccc02,CBM-MON-5W (Barrett),All Locations.Ground Water.Gillette Area,1999-10-22 18:00:00,2017-03-23 18:00:00,43.97111,-
Well Depth.Well@49-72-06cdd,Rocky Point No. 1,All Locations.Ground Water.Gillette Area,1985-09-24 07:00:00,2013-12-03 19:00:00,44.24639,-
Well Depth.Well@50-72-14caa,H.V. Anderson No. 4,All Locations.Ground Water.Gillette Area,1985-08-14 07:00:00,2009-12-14 19:00:00,44.31028,-
Well Depth.well@19-61-13baa,LaGrange Haystack,All Locations.Ground Water.Lagrange Area,1980-04-30 07:00:00,2017-11-22 13:00:00,41.62113,-
Well Depth.well@20-61-22aad,SE Corner of Reservoir,All Locations.Ground Water.Lagrange Area,1980-05-29 07:00:00,2013-11-14 07:00:00,41.69288,-
Well Depth.Well@24-68-20bbb,Platte County #8,All Locations.Ground Water.Platte County,1991-08-14 22:00:00,2021-11-08 10:00:00,42.045,-
Well Depth.Well@26-68-23bbd,Juschka No. 5 Well,All Locations.Ground Water.Platte County,1979-04-18 07:00:00,2004-03-11 19:00:00,42.21694,-
Well Depth.Well@26-68-26bbc,Shepard No. 1 Well,All Locations.Ground Water.Platte County,1991-04-22 07:00:00,1996-04-10 07:00:00,42.20222,-
Well Depth.Well@41-117-22acc,TCTA-6,All Locations.Ground Water.Teton County,1994-10-20 19:00:00,2004-11-16 18:10:00,43.50333,-
Well Depth.Well@41-117-22cda,TCTE-2,All Locations.Ground Water.Teton County,1995-10-06 20:00:00,2004-11-15 21:10:00,43.49333,-
Well Depth.Well@46-74-12ccc01,CBM-MON-5 (Barrett),All Locations.Ground Water.Gillette Area,1999-10-22 21:00:00,2015-12-02 19:00:00,43.97111,-
Well Depth.Well2@Test,Test,All Locations.Ground Water.Test,1983-11-15 19:00:00,1984-03-07 19:00:00,0,-
Well Depth.well@14-60-05bcb,CC Gross,All Locations.Ground Water.Laramie County,1962-08-17 07:00:00,2021-11-03 19:00:00,41.210556,-
Well Depth.well@15-73-01dba,Huntoon #1,All Locations.Ground Water.Albany County,1983-11-15 19:00:00,2021-11-22 13:00:00,41.2975,-
Well Depth.well@17-60-34aaa,Lundberg No. 2 Well,All Locations.Ground Water.Laramie County,1990-05-01 07:00:00,2003-12-05 15:00:00,41.4,-
Well Depth.well@20-61-23bdb2,Rain Station,All Locations.Ground Water.Lagrange Area,1978-12-02 07:00:00,2015-10-28 16:00:00,41.69016,-
Well Depth.Well@47-73-16cba01,CBM-MON-4 (Davis),All Locations.Ground Water.Gillette Area,1998-12-16 01:00:00,2016-06-06 21:00:00,44.04997,-
Well Depth.Well@49-72-13ada,G-MON-6 (Sleepy Hollow),All Locations.Ground Water.Gillette Area,1994-11-05 21:00:00,2019-05-22 18:00:00,44.22889,-
Well Depth.Well@49-72-5ccc,G-MON-3 (Doud Well),All Locations.Ground Water.Gillette Area,1994-10-13 19:00:00,2017-11-06 22:00:00,44.24806,-
Well Depth.Well@49-74-36ddc02,CBM-MON-1W (Saunders),All Locations.Ground Water.Gillette Area,1999-08-17 20:00:00,2013-08-08 16:00:00,44.1725,-
Well Depth.Well@50-71-19dcb,Collins No. 1,All Locations.Ground Water.Gillette Area,1985-08-14 07:00:00,1996-08-19 07:00:00,44.2925,-
Well Depth.well20@Test,Test,All Locations.Ground Water.Test,1983-11-15 19:00:00,2011-04-05 03:00:00,0,-
Well Depth.well@13-60-05ccb,Elmer Glantz,All Locations.Ground Water.Laramie County,2003-06-25 19:00:00,2016-10-11 19:00:00,41.11744,-
Well Depth.well@14-066-10aba,Laramie County No. 8,All Locations.Ground Water.Laramie County,1977-06-13 19:00:00,2016-09-27 12:00:00,41.20278,-
Well Depth.well@16-60-6dbd,Jessen #5,All Locations.Ground Water.Laramie County,1997-03-11 07:00:00,2004-03-09 07:00:00,41.3780521,-
Well Depth.well@16-61-01baa,Wayne No. 2 Well,All Locations.Ground Water.Laramie County,1990-04-04 07:00:00,2004-03-09 07:00:00,41.38806,-
Well Depth.well@17-61-35ddd,Gerald No. 3 Well,All Locations.Ground Water.Laramie County,1990-04-04 19:00:00,2004-03-09 15:00:00,41.38806,-
Well Depth.Well@26-68-35bcc,Charlene Johnson,All Locations.Ground Water.Platte County,1981-04-08 07:00:00,2004-03-11 19:00:00,42.18722,-
Well Depth.Well@41-117-23dab,TCTA-1,All Locations.Ground Water.Teton County,1994-09-23 19:00:00,2004-06-08 18:10:00,43.5,-
Well Depth.Well@49-72-03dad,Sunburst No. 2,All Locations.Ground Water.Gillette Area,1996-06-26 19:00:00,1999-10-21 17:00:00,44.25167,-
Well Depth.Well@49-75-32abd,BTP 4975#8-32,All Locations.Ground Water.Gillette Area,1991-11-06 23:00:00,2010-07-15 18:03:00,44.17944,-
Well Depth.Calculated@19-61-10aab,LaGrange No.1,All Locations.Ground Water.Lagrange Area,2014-11-05 21:00:00,2015-10-28 19:00:00,41.63611,-
Well Depth.Depth to Water@13-65-10 ab 02,Shatto White River,All Locations.Ground Water.Laramie County,2014-11-18 17:30:00,2016-09-27 19:00:00,41.11444,-
Well Depth.well@20-60-29bac2,Hill Well,All Locations.Ground Water.Lagrange Area,1980-04-30 07:00:00,2013-11-14 07:00:00,41.67846,-
Well Depth.Well@24-68-32ddc,Platte County #9,All Locations.Ground Water.Platte County,1991-03-25 22:00:00,2021-11-08 08:15:00,42.0025,-
Well Depth.Well@41-117-02daa,TCTR-2,All Locations.Ground Water.Teton County,1994-10-20 19:00:00,2004-11-17 18:00:00,43.54444,-
Well Depth.Well@42-116-29cdc,TCTD-6,All Locations.Ground Water.Teton County,1994-10-20 19:00:00,2004-11-16 22:10:00,43.56889,-
Well Depth.Well@42-117-36baa,TCTC-5,All Locations.Ground Water.Teton County,1994-09-23 19:00:00,2003-06-25 19:00:00,43.56722,-
Well Depth.Well@53-61-32ddd01,CCMOW-5A (Minnelusa),All Locations.Ground Water.Madison,1991-11-01 21:00:00,2016-06-15 16:00:00,44.53247,-
Well Depth.Well13@Test,Test,All Locations.Ground Water.Test,1983-11-15 19:00:00,2011-05-15 11:00:00,0,-
Well Depth.well@13-068-13ccc,Borie,All Locations.Ground Water.Laramie County,1942-07-01 07:00:00,2004-04-07 07:00:00,41.09167,-
Well Depth.well@15-62-20aaa,Laramie County No. 4,All Locations.Ground Water.Laramie County,1978-04-10 19:00:00,2013-10-01 21:35:00,41.25861,-
Well Depth.well@15-73-12dbb,Huntoon #2,All Locations.Ground Water.Albany County,1983-11-15 19:00:00,2021-11-22 13:00:00,41.28402,-
Well Depth.Depth to Water In-Situ Transducer@16-60-32 dc 02,Fornstrom White River,All Locations.Ground Water.Laramie County,2015-09-15 21:00:00,2016-09-06 21:00:00,41.3045,-
Well Depth.well@16-61-17aaa,Laramie County No. 5,All Locations.Ground Water.Laramie County,1978-04-11 19:00:00,2016-09-06 13:00:00,41.19333,-
Well Depth.Well@18-84-25adc,Saratoga No. 5,All Locations.Ground Water.Carbon County,1999-06-04 19:00:00,2000-08-15 07:12:00,41.50306,-
Well Depth.well@20-60-21ddd,CMeiers,All Locations.Ground Water.Lagrange Area,1980-04-30 07:00:00,2014-09-04 16:26:00,41.68061,-
Well Depth.well@20-61-31dad,Ward's Yard,All Locations.Ground Water.Lagrange Area,1980-04-30 07:00:00,2013-11-14 07:00:00,41.6553,-
Well Depth.Well@25-68-24aad,Platte County #3,All Locations.Ground Water.Platte County,1980-09-16 19:00:00,2015-06-02 19:00:00,42.13,-
Well Depth.Well@41-117-01add,TCTR-1,All Locations.Ground Water.Teton County,1994-10-20 19:00:00,2004-11-17 18:10:00,43.54667,-
Well Depth.Well@44-63-26cac,Townsend WSW #1,All Locations.Ground Water.Madison,1982-03-16 19:00:00,2004-10-12 19:00:00,43.76083,-
Well Depth.Well@49-62-36cbc02,CCMOW-6A (Minnelusa),All Locations.Ground Water.Madison,1994-10-11 22:00:00,2016-06-14 19:00:00,44.18689,-
Well Depth.Well@51-72-32ddd,Campbell Co. Airport,All Locations.Ground Water.Gillette Area,1985-09-24 19:00:00,2013-11-05 19:00:00,44.35,-
Well Depth.well5@Test,Test,All Locations.Ground Water.Test,1983-11-15 19:00:00,2010-01-04 06:00:00,0,-
Well Depth.Field Visits@50-72-28ddb,G-MON-5 (Jail),All Locations.Ground Water.Gillette Area,2013-11-06 12:59:59,2021-11-18 11:50:00,44.2775,-
Well Depth.Field Visits@51-72-20abd,Rawhide Village No. 2,All Locations.Ground Water.Gillette Area,2013-06-13 11:33:59,2021-11-18 11:20:00,44.38917,-
Well Depth.Field Visits@50-72-16bbb,G-MON-1 (Sports Bar),All Locations.Ground Water.Gillette Area,2013-11-13 12:00:00,2021-11-18 11:00:00,44.31972,-
Well Depth.Field Visits@50-72-21dda,G-MON-4 (Old Fair Ground),All Locations.Ground Water.Gillette Area,2013-11-06 08:39:59,2021-11-18 10:05:00,44.29333,-
Well Depth.Field Visits@50-72-24bcc,G-MON-2 (Warlow),All Locations.Ground Water.Gillette Area,2013-11-04 10:32:59,2021-11-18 12:30:00,44.29917,-
Well Depth.Field Visits@50-72-25acb,CAMPLEX #1,All Locations.Ground Water.Gillette Area,2013-11-04 16:15:59,2021-11-17 18:15:00,44.285556,-
Well Depth.Field Visits@49-72-13ada,G-MON-6 (Sleepy Hollow),All Locations.Ground Water.Gillette Area,2013-11-04 15:17:59,2021-11-17 18:00:00,44.22889,-
Well Depth.Field Visits@43-72-11aaa,CBM-MON-7W (Stuart),All Locations.Ground Water.Gillette Area,2013-11-04 13:56:00,2021-11-17 17:00:00,43.26667,-
Well Depth.Field Visits@37-70-10cbb,Bill #6,All Locations.Ground Water.Gillette Area,2013-11-04 13:05:59,2021-11-17 16:10:00,43.193056,-
Well Depth.Field Visits@32-73-16cbd,Natural Bridge,All Locations.Ground Water.Gillette Area,2013-11-04 10:09:59,2021-10-29 13:25:00,42.738889,-
Well Depth.Field Visits@24-68-32ddc,Platte County #9,All Locations.Ground Water.Platte County,2013-10-09 08:51:00,2021-11-08 09:05:00,42.0025,-
Well Depth.Field Visits@36-62-28ab01,ETSI T-2 Madison,All Locations.Ground Water.Madison,2013-06-21 11:00:00,2021-11-09 12:05:00,43.07272,-
Well Depth.Field Visits@32-63-08daa01,Niobrara Co. No.2,All Locations.Ground Water.Prairie Center Control Area,2013-06-17 15:59:59,2021-11-09 11:05:00,42.7618,-
Well Depth.Field Visits@32-062-32bbb,Node well,All Locations.Ground Water.Prairie Center Control Area,2013-06-17 15:10:00,2021-11-09 10:40:00,42.71239,-
Well Depth.Field Visits@32-62-5baa01,Niobrara Co. No. 1,All Locations.Ground Water.Prairie Center Control Area,2013-06-17 14:42:59,2021-11-09 10:15:00,42.78558,-
Well Depth.Field Visits@30-061-09bbb,Prairie Center #5,All Locations.Ground Water.Prairie Center Control Area,2013-06-17 13:34:59,2021-11-09 09:45:00,42.59678,-
Well Depth.Field Visits@29-061-17aad,Prairie Center #4,All Locations.Ground Water.Prairie Center Control Area,2013-06-17 13:24:00,2021-11-09 09:35:00,42.49217,-
Well Depth.Field Visits@29-061-23abb,Goshen County No. 1,All Locations.Ground Water.Prairie Center Control Area,2013-06-17 12:49:59,2021-11-09 09:15:00,42.480204,-
Well Depth.Field Visits@29-61-26cbb01,Prairie Center #3,All Locations.Ground Water.Prairie Center Control Area,2013-06-17 12:30:00,2021-11-09 09:10:00,42.458547,-
Well Depth.Field Visits@28-61-02ccd01,Prairie Center #6,All Locations.Ground Water.Prairie Center Control Area,2013-06-17 12:04:00,2021-11-09 08:55:00,42.423818,-
Well Depth.Field Visits@28-61-aba01,Goshen County #2,All Locations.Ground Water.Prairie Center Control Area,2013-06-17 11:19:59,2021-11-09 08:40:00,42.43648,-
Well Depth.Field Visits@28-62-18cac,SandStone #1,All Locations.Ground Water.Madison,2013-06-17 10:25:59,2021-11-09 08:20:00,42.39736,-
Well Depth.Field Visits@14-66-34acb,Fire Station No. 3,All Locations.Ground Water.Laramie County,2013-10-02 17:29:59,2021-11-04 12:00:00,41.14167,-
Well Depth.Field Visits@13-65-10 ab 02,Shatto White River,All Locations.Ground Water.Laramie County,2016-05-19 10:00:00,2021-11-04 11:35:00,41.11444,-
Well Depth.Field Visits@13-64-16cc,Laramie County No. 18,All Locations.Ground Water.Laramie County,2013-10-01 08:48:59,2021-11-04 11:21:00,41.087,-
Well Depth.Field Visits@14-61-18ddd,Laramie County No. 2,All Locations.Ground Water.Laramie County,2013-10-01 13:40:00,2021-11-03 11:55:00,41.17278,-
Well Depth.Field Visits@13-60-05ccb,Elmer Glantz,All Locations.Ground Water.Laramie County,2014-04-30 11:58:00,2021-11-03 10:35:00,41.11744,-
Well Depth.Field Visits@12-60-07ddd,Laramie County No. 1,All Locations.Ground Water.Laramie County,2013-10-01 11:42:00,2021-11-03 10:25:00,41.01638889,-
Well Depth.Field Visits@12-062-13baa,USGS SE Carpenter,All Locations.Ground Water.Laramie County,2013-10-01 10:54:59,2021-11-03 09:45:00,41.01667,-
Well Depth.Field Visits@12-63-15aa,USGS SW Carpenter,All Locations.Ground Water.Laramie County,2013-10-01 10:09:59,2021-11-03 09:10:00,41.016389,-
Well Depth.Field Visits@13-066-32bbd,Laramie County No. 14,All Locations.Ground Water.Laramie County,2014-04-30 08:04:59,2021-11-03 08:30:00,41.05667,-
Well Depth.Field Visits@14-60-05bcb,CC Gross,All Locations.Ground Water.Laramie County,2013-10-01 12:56:00,2021-11-03 12:45:00,41.210556,-
Well Depth.Field Visits@16-60-32 dc 02,Fornstrom White River,All Locations.Ground Water.Laramie County,2016-06-01 11:45:00,2021-11-03 13:15:00,41.3045,-
Well Depth.Field Visits@16-61-26 CD-03,Scheel WSW No. 1 White River,All Locations.Ground Water.Laramie County,2016-10-03 12:00:00,2021-11-03 13:40:00,41.31722,-
Well Depth.Field Visits@16-61-17aaa,Laramie County No. 5,All Locations.Ground Water.Laramie County,2013-10-01 15:14:59,2021-11-03 13:55:00,41.19333,-
Well Depth.Field Visits@16-60-7bbb2,USGS SW Albin,All Locations.Ground Water.Laramie County,2013-10-01 15:49:59,2021-11-03 14:15:00,41.37417,-
Well Depth.Field Visits@17-060-33cbb,USGS South Albin,All Locations.Ground Water.Laramie County,2013-10-01 16:15:00,2021-11-03 14:35:00,41.39528,-
Well Depth.Field Visits@17-62-17cc,Laramie Co. 6-B,All Locations.Ground Water.Laramie County,2013-10-01 17:03:00,2021-11-03 15:00:00,41.43625,-
Well Depth.Field Visits@15-62-20aaa,Laramie County No. 4,All Locations.Ground Water.Laramie County,2014-04-30 14:35:00,2021-11-03 11:30:00,41.25861,-
Well Depth.Field Visits@14-064-19bcc,Laramie County No. 9,All Locations.Ground Water.Laramie County,2014-04-30 17:19:59,2021-11-04 11:00:00,41.16806,-
Well Depth.Field Visits@14-65-08bb,Laramie County No. 17,All Locations.Ground Water.Laramie County,2014-05-01 16:15:00,2021-11-04 10:15:00,41.20283,-
Well Depth.Field Visits@14-66-02dc,Laramie County No. 16,All Locations.Ground Water.Laramie County,2014-05-01 14:49:59,2021-11-04 09:40:00,41.203667,-
Well Depth.Field Visits@14-066-10aba,Laramie County No. 8,All Locations.Ground Water.Laramie County,2013-10-02 14:39:59,2021-11-04 09:25:00,41.20278,-
Well Depth.Field Visits@14-067-12abb,Laramie County No. 10,All Locations.Ground Water.Laramie County,2013-10-02 12:49:59,2021-11-04 08:50:00,41.20361,-
Well Depth.Field Visits@15-66-10bab,Laramie Co. No. 7,All Locations.Ground Water.Laramie County,2013-10-02 08:15:00,2021-11-03 15:30:00,41.29028,-
Well Depth.Field Visits@17-67-33baa,MX NORTH b-1,All Locations.Ground Water.Laramie County,2013-10-02 09:01:00,2021-11-03 16:00:00,41.4,-
Well Depth.Field Visits@15-68-27ccc,MX West B7,All Locations.Ground Water.Laramie County,2013-10-02 10:03:59,2021-11-03 16:30:00,41.23319,-
Well Depth.Field Visits@14-067-34bbc,Laramie County No. 11,All Locations.Ground Water.Laramie County,2013-10-02 10:45:59,2021-11-04 08:25:00,41.14389,-
Well Depth.Field Visits@14-067-27bac,Laramie County No. 13,All Locations.Ground Water.Laramie County,2014-05-01 10:38:59,2021-11-04 08:30:00,41.15833,-
Well Depth.Field Visits@16-63-15aaa,Laramie County #3,All Locations.Ground Water.Laramie County,2014-04-30 14:10:00,2021-11-03 11:05:00,41.18722,-
Well Depth.Field Visits@20-61-32dbc,J. Ward,All Locations.Ground Water.Lagrange Area,2013-12-12 10:41:59,2021-11-22 11:20:00,41.65653,-
Well Depth.Field Visits@20-61-31dad,Ward's Yard,All Locations.Ground Water.Lagrange Area,2013-12-12 10:45:59,2021-11-22 11:30:00,41.6553,-
Well Depth.Field Visits@20-61-15ada,Southwell,All Locations.Ground Water.Lagrange Area,2014-01-08 09:23:00,2021-11-22 10:55:00,41.70483,-
Well Depth.Field Visits@20-61-22aad,SE Corner of Reservoir,All Locations.Ground Water.Lagrange Area,2013-12-12 09:37:59,2021-11-22 10:45:00,41.69288,-
Well Depth.Field Visits@20-60-30bbb,LaGrange No. 2,All Locations.Ground Water.Lagrange Area,2014-09-04 15:40:00,2021-11-22 10:10:00,41.68028,-
Well Depth.Field Visits@20-60-29bac2,Hill Well,All Locations.Ground Water.Lagrange Area,2013-12-12 10:16:59,2021-11-22 10:30:00,41.67846,-
Well Depth.Field Visits@19-61-13baa,LaGrange Haystack,All Locations.Ground Water.Lagrange Area,2013-12-12 11:06:59,2021-11-22 09:50:00,41.62113,-
Well Depth.Field Visits@19-61-10aab,LaGrange No.1,All Locations.Ground Water.Lagrange Area,2013-11-14 13:02:59,2021-11-22 09:00:00,41.63611,-
Well Depth.Field Visits@25-68-15bbd,Platte County #6,All Locations.Ground Water.Platte County,2013-11-13 12:04:59,2021-11-08 13:35:00,42.14444,-
Well Depth.Field Visits@27-69-25abc,Cottonwood Creek #1,All Locations.Ground Water.Platte County,2013-10-09 14:25:00,2021-11-08 12:50:00,42.28167,-
Well Depth.Field Visits@20-61-15-ada2,Northwell,All Locations.Ground Water.Lagrange Area,2013-09-27 09:07:00,2021-11-22 11:00:00,41.70483,-
Well Depth.Field Visits@26-68-12cbd,Earl Rutherford,All Locations.Ground Water.Platte County,2013-10-09 13:50:59,2021-11-09 14:05:00,42.24528,-
Well Depth.Field Visits@26-68-36bbb,Platte County #5,All Locations.Ground Water.Platte County,2013-10-09 13:08:00,2021-11-08 12:15:00,42.20778,-
Well Depth.Field Visits@25-68-12dda,Platte County #4,All Locations.Ground Water.Platte County,2013-10-09 12:53:00,2021-11-08 12:00:00,42.14972,-
Well Depth.Field Visits@25-68-24aad,Platte County #3,All Locations.Ground Water.Platte County,2013-10-09 12:36:00,2021-11-08 11:45:00,42.13,-
Well Depth.Field Visits@25-067-19dda,Ed Wilhelm,All Locations.Ground Water.Platte County,2013-10-09 12:18:59,2021-11-08 11:30:00,42.12167,-
Well Depth.Field Visits@25-67-34ccd,Platte County #2,All Locations.Ground Water.Platte County,2013-10-09 11:45:00,2021-11-08 11:15:00,42.09,-
Well Depth.Field Visits@24-67-21aab,Ed Preuit,All Locations.Ground Water.Platte County,2013-10-09 11:13:59,2021-11-08 10:50:00,42.04361,-
Well Depth.Field Visits@24-68-10aaa,Platte County #7B,All Locations.Ground Water.Platte County,2013-10-09 10:25:00,2021-11-08 10:30:00,42.07306,-
Well Depth.Field Visits@26-68-31aaa,Platte County #7,All Locations.Ground Water.Platte County,2013-10-09 09:45:00,2021-11-08 10:15:00,42.10361,-
Well Depth.Field Visits@15-73-12dbb,Huntoon #2,All Locations.Ground Water.Albany County,2013-11-25 10:25:00,2021-11-22 13:40:00,41.28402,-
Well Depth.Field Visits@24-68-20bbb,Platte County #8,All Locations.Ground Water.Platte County,2013-10-09 09:20:00,2021-11-08 10:00:00,42.045,-
Well Depth.Field Visits@15-73-01dba,Huntoon #1,All Locations.Ground Water.Albany County,2013-11-25 09:59:00,2021-11-22 13:20:00,41.2975,-
Well Depth.Field Visits@24-68-22aab,Platte County #1A,All Locations.Ground Water.Platte County,2013-10-09 08:30:59,2021-11-08 09:25:00,42.04611,-
Well Depth.Field Visits@51-63-4ada,VISTA WEST NO. 2,All Locations.Ground Water.Madison,2013-06-18 13:40:00,2021-11-19 10:30:00,44.43783,-
Well Depth.Field Visits@50-63-11cda,CCMOW-7 (Madison),All Locations.Ground Water.Madison,2013-06-18 13:44:00,2021-11-18 15:43:00,44.32869,-
Well Depth.Field Visits@48-61-36caa02,Weston County #1A,All Locations.Ground Water.Madison,2013-06-21 09:10:00,2021-11-19 11:50:00,44.13156,-
Well Depth.Field Visits@49-62-36cbc02,CCMOW-6A (Minnelusa),All Locations.Ground Water.Madison,2013-06-20 15:04:59,2021-11-19 11:20:00,44.18689,-
Well Depth.Field Visits@49-62-36cbc01,CCMOW-6 (Madison),All Locations.Ground Water.Madison,2013-06-20 15:45:00,2021-11-19 11:20:00,44.18689,-
Well Depth.Field Visits@50-62-16ccb,CCMOW-8,All Locations.Ground Water.Madison,2013-06-20 15:52:00,2021-11-18 15:55:00,44.31647,-
Well Depth.Field Visits@53-61-32ddd02,CCMOW-5 (Madison),All Locations.Ground Water.Madison,2013-06-20 10:44:59,2021-11-18 15:10:00,44.53247,-
Well Depth.Field Visits@57-65-15dac,U.S.G.S. M-1,All Locations.Ground Water.Madison,2014-12-03 10:30:00,2021-11-19 08:35:00,44.92894,-
Well Depth.Field Visits@53-61-32ddd01,CCMOW-5A (Minnelusa),All Locations.Ground Water.Madison,2013-06-20 10:34:59,2021-11-18 15:10:00,44.53247,-
Well Depth.Field Visits@45-74-36dac,CBM-MON-6 (Murray),All Locations.Ground Water.Gillette Area,2012-12-12 12:00:00,2021-11-18 08:15:00,43.82861,-
Well Depth.Field Visits@46-74-12ccc02,CBM-MON-5W (Barrett),All Locations.Ground Water.Gillette Area,2013-11-05 11:42:59,2020-10-06 17:30:00,43.97111,-
Well Depth.Field Visits@49-73-03cbd02,CBM-MON-2W (Bennor),All Locations.Ground Water.Gillette Area,2013-11-05 08:52:59,2021-05-25 17:20:00,44.24942,-
Well Depth.Field Visits@50-73-28cac,Jim Kintz Well,All Locations.Ground Water.Gillette Area,2014-06-05 11:00:00,2021-11-18 10:35:00,44.27889,-
Well Depth.Field Visits@49-72-04ada,South Campus No. 1,All Locations.Ground Water.Gillette Area,2013-11-06 12:00:00,2021-11-18 09:45:00,44.25639,-
Well Depth.Field Visits@49-72-5ccc,G-MON-3 (Doud Well),All Locations.Ground Water.Gillette Area,2013-06-13 13:21:59,2021-11-18 09:20:00,44.24806,-
Well Depth.Field Visits@49-73-26abc,G-MON-8 (Bell Road),All Locations.Ground Water.Gillette Area,2013-11-06 14:10:00,2021-11-18 09:05:00,44.19833,-
Well Depth.Field Visits@48-73-36bca02,CBM-MON-3W (Tripp),All Locations.Ground Water.Gillette Area,2013-11-05 15:11:00,2021-11-18 08:55:00,44.09603,-
Well Depth.Field Visits@47-73-16cba02,CBM-MON-4W (Davis),All Locations.Ground Water.Gillette Area,2013-11-05 14:19:00,2021-11-18 08:40:00,44.04811,-
Well Depth.Field Visits@49-74-36ddc02,CBM-MON-1W (Saunders),All Locations.Ground Water.Gillette Area,2013-11-05 10:24:00,2021-11-18 07:25:00,44.1725,-
Well Depth.Field Visits@48-73-36bca01,CBM-MON-3C (Tripp),All Locations.Ground Water.Gillette Area,2013-11-05 12:00:00,2020-05-19 12:00:00,44.09603,-
Well Depth.Field Visits@47-73-16cba01,CBM-MON-4 (Davis),All Locations.Ground Water.Gillette Area,2013-11-05 13:59:00,2020-05-19 11:30:00,44.04997,-
Well Depth.Field Visits@49-73-03cbd01,CBM-MON-2 (Bennor),All Locations.Ground Water.Gillette Area,2013-11-05 08:34:00,2018-10-23 13:00:00,44.24978,-
Well Depth.Field Visits@49-73-03cbd03,CBM-MON-2G (Bennor),All Locations.Ground Water.Gillette Area,2018-05-30 11:55:00,2018-10-23 12:45:00,44.24978,-
Well Depth.Field Visits@46-74-12ccc03,CBM-MON-5G (Barrett),All Locations.Ground Water.Gillette Area,2015-06-03 12:54:00,2018-10-23 10:00:00,43.97111,-
Well Depth.Field Visits@46-74-12ccc01,CBM-MON-5 (Barrett),All Locations.Ground Water.Gillette Area,2014-06-03 12:00:00,2018-10-23 10:00:00,43.97111,-
Well Depth.Field Visits@49-74-36ddc03,CBM-MON-1G (Saunders),All Locations.Ground Water.Gillette Area,2015-12-02 08:38:00,2018-05-30 13:00:00,44.1725,-
Well Depth.Field Visits@49-74-36ddc01,CBM-MON-1 (Saunders),All Locations.Ground Water.Gillette Area,2013-11-05 10:02:00,2018-05-30 13:00:00,44.171944,-
Well Depth.Field Visits@52-73-25bcb,Pine Buttes No. 1,All Locations.Ground Water.Gillette Area,2013-11-06 14:00:00,2018-10-22 16:15:00,44.460833,-
Well Depth.Field Visits@53-60-16dba01,CCMOW-2 (Madison),All Locations.Ground Water.Madison,2014-06-11 08:52:59,2018-05-21 20:00:00,44.58197,-
Well Depth.Field Visits@53-60-16dba02,CCMOW-2A (Minnelusa),All Locations.Ground Water.Madison,2014-06-11 08:49:59,2018-05-21 20:00:00,44.58197,-
Well Depth.Field Visits@27-69-25dad,Cottonwood Creek No. 3,All Locations.Ground Water.Platte County,2015-04-01 11:20:00,2017-05-03 11:45:00,42.28167,-
Well Depth.Field Visits@48-73-36bca03,CBM-MON-3G (Tripp),All Locations.Ground Water.Gillette Area,2015-12-02 10:23:00,2015-12-02 10:23:00,44.09603,-
Well Depth.Field Visits@47-73-16cba03,CBM-MON-4G (Davis),All Locations.Ground Water.Gillette Area,2015-06-15 11:38:00,2017-03-23 16:02:00,44.04997,-
Well Depth.Field Visits@45-74-36dac02,CBM-MON-6G (Murray),All Locations.Ground Water.Gillette Area,2015-12-02 16:55:00,2017-03-23 10:53:00,43.82861,-
Well Depth.Field Visits@14-66-23ddd,Laramie County No. 15,All Locations.Ground Water.Laramie County,2013-10-02 16:35:59,2017-01-19 14:15:00,41.16041,-
Well Depth.Field Visits@56-067-28aab,Cole 41A  Minnelusa,All Locations.Ground Water.Madison,2013-06-19 13:19:59,2016-06-15 12:55:00,44.81511,-
Well Depth.Field Visits@16-61-26 CD-02,Scheel WSW No. 1 Fox Hills,All Locations.Ground Water.Laramie County,2016-10-07 11:25:00,2016-10-07 11:25:00,41.31722,-
Well Depth.Field Visits@13-65-10 ab 01,Shatto Fox Hills,All Locations.Ground Water.Laramie County,2015-01-09 15:00:00,2015-01-09 15:00:00,41.11411,-
Well Depth.Field Visits@16-60-32 dc 01,Fornstrom Fox Hills,All Locations.Ground Water.Laramie County,2016-06-01 11:36:00,2016-09-12 13:48:00,41.30428,-
Well Depth.Field Visits@49-72-13caa,Antelope Valley No.3,All Locations.Ground Water.Gillette Area,2014-12-10 16:44:59,2016-07-26 11:30:00,44.22167,-
Well Depth.Field Visits@14-067-36acb,Pioneer Park,All Locations.Ground Water.Laramie County,2013-10-02 11:16:00,2016-05-19 15:00:00,41.14083,-
Well Depth.Field Visits@15-67-36cd,WYDOT Horse Creek #1,All Locations.Ground Water.Laramie County,2014-05-01 09:43:00,2016-05-19 12:30:00,41.22064,-
Well Depth.Field Visits@20-60-21ddd,CMeiers,All Locations.Ground Water.Lagrange Area,1980-04-30 12:00:00,2016-05-06 08:36:00,41.68061,-
Well Depth.Field Visits@50-72-14cac,Heritage Village No. 1,All Locations.Ground Water.Gillette Area,2014-06-05 12:00:00,2015-12-04 08:26:00,44.31333,-
Well Depth.Field Visits@52-73-36ada03,RCH-2B,All Locations.Ground Water.Gillette Area,2014-06-04 12:00:00,2015-12-03 16:40:00,44.44528,-
Well Depth.Field Visits@46-66-25dbb,Terra Resources,All Locations.Ground Water.Madison,2014-12-04 15:00:00,2015-05-13 09:15:00,43.93611,-
Well Depth.Field Visits@54-61-28caa,Aladdin Water Dist. No. 1,All Locations.Ground Water.Madison,2014-12-03 09:00:00,2015-11-18 14:00:00,44.64105,-
Well Depth.Field Visits@53-65-18bbd,NPS Devils Tower,All Locations.Ground Water.Madison,2014-12-03 08:10:00,2015-11-18 11:45:00,44.58289,-
Well Depth.Field Visits@20-61-25dcc,North Field Well,All Locations.Ground Water.Lagrange Area,2014-04-16 11:03:00,2015-10-28 11:33:00,41.66671,-
Well Depth.Field Visits@20-61-25cbc2,Pump House #2,All Locations.Ground Water.Lagrange Area,2014-04-16 11:10:59,2015-03-31 12:05:00,41.67131,-
Well Depth.Field Visits@20-61-35aab,South Field Well,All Locations.Ground Water.Lagrange Area,2014-04-16 11:13:59,2015-06-30 12:39:00,41.66628,-
Well Depth.Field Visits@20-60-30cdd,Pasture Well,All Locations.Ground Water.Lagrange Area,1980-04-30 00:00:00,2015-10-28 10:49:00,41.66647,-
Well Depth.Field Visits@20-61-24cdd,F. Sanders,All Locations.Ground Water.Lagrange Area,2013-12-12 10:08:00,2015-10-28 10:18:00,41.68081,-
Well Depth.Field Visits@20-61-23bdb2,Rain Station,All Locations.Ground Water.Lagrange Area,2013-12-12 09:56:00,2015-10-28 10:02:00,41.69016,-
Well Depth.Field Visits@20-61-23bbc2,NW of Rain Station,All Locations.Ground Water.Lagrange Area,2014-01-08 10:18:59,2015-10-28 09:44:00,41.62918,-
Well Depth.Field Visits@20-61-15daa,Pump House #1,All Locations.Ground Water.Lagrange Area,2013-12-12 09:20:00,2015-10-28 09:37:00,41.7012,-
Well Depth.Field Visits@20-60-11cdd2,66Mountain well,All Locations.Ground Water.Lagrange Area,2014-01-08 09:36:59,2015-10-28 09:27:00,41.71005,-
Well Depth.Field Visits@14-66-08cbc,Rowley #1,All Locations.Ground Water.Laramie County,2014-05-01 12:59:59,2014-05-01 12:59:59,41.19649,-
Well Depth.Field Visits@51-72-32ddd,Campbell Co. Airport,All Locations.Ground Water.Gillette Area,1985-09-24 12:00:00,2013-11-05 12:00:00,44.35,-
Well Depth.Field Visits@43-95-25cdc,GTW-3,All Locations.Ground Water.Hot Springs County,2013-07-18 06:59:59,2013-07-18 06:59:59,43.65917,-
